run,focal_site,plant,category,candidates,deterministic,expected,sd,share
B-degree,Rocky coastal 1,Allium sp.,locally absent,46,1,3.193562017212079,1.68790389312966,0.06942526124374085
B-degree,Rocky coastal 1,Allium sp.,locally unique,46,3,1.2498123226609545,1.0393970673702544,0.0271698331013251
B-degree,Rocky coastal 1,Allium sp.,model-elusive,46,0,0.9641633121906245,0.9340401542729527,0.02096007200414401
B-degree,Rocky coastal 1,Allium sp.,phantom,46,3,7.779055080971734,2.4925910301619667,0.16910989306460292
B-degree,Rocky coastal 1,Allium sp.,possibly forbidden,46,30,28.028630199877437,2.964598380596755,0.6093180478234226
B-degree,Rocky coastal 1,Allium sp.,possibly missing,46,0,1.1808842488316567,1.0580379915173492,0.025671396713731667
B-degree,Rocky coastal 1,Allium sp.,recurrent,46,0,0.5962502758776078,0.7151608308570763,0.01296196251907843
B-degree,Rocky coastal 1,Allium sp.,weakly-supported,46,9,3.0076425423779063,1.5124749958610073,0.06538353352995449
B-degree,Rocky coastal 1,Astragalus balearicus,locally absent,46,0,0,0,0
B-degree,Rocky coastal 1,Astragalus balearicus,locally unique,46,2,0,0,0
B-degree,Rocky coastal 1,Astragalus balearicus,model-elusive,46,0,0,0,0
B-degree,Rocky coastal 1,Astragalus balearicus,phantom,46,1,7.002955374523144,2.3365682624051423,0.15223816031572052
B-degree,Rocky coastal 1,Astragalus balearicus,possibly forbidden,46,40,38.99704462547685,2.3365682624051423,0.8477618396842794
B-degree,Rocky coastal 1,Astragalus balearicus,possibly missing,46,0,0,0,0
B-degree,Rocky coastal 1,Astragalus balearicus,recurrent,46,0,0,0,0
B-degree,Rocky coastal 1,Astragalus balearicus,weakly-supported,46,3,0,0,0
B-degree,Rocky coastal 1,Daucus carota,locally absent,46,0,2.475724036822772,1.4539147070473943,0.053820087757016785
B-degree,Rocky coastal 1,Daucus carota,locally unique,46,23,2.1320549330557452,1.3428450812020623,0.04634902028382055
B-degree,Rocky coastal 1,Daucus carota,model-elusive,46,0,7.577733568923477,2.350441778976501,0.16473333845485819
B-degree,Rocky coastal 1,Daucus carota,phantom,46,7,5.650536664953896,1.8223422542811063,0.12283775358595427
B-degree,Rocky coastal 1,Daucus carota,possibly forbidden,46,0,4.125228257203901,1.648046953445419,0.08967887515660654
B-degree,Rocky coastal 1,Daucus carota,possibly missing,46,3,4.749182101824514,1.8293576473520712,0.10324308917009814
B-degree,Rocky coastal 1,Daucus carota,recurrent,46,13,17.838501955689065,2.585072360484418,0.3877935207758492
B-degree,Rocky coastal 1,Daucus carota,weakly-supported,46,0,1.4510384815266302,1.128281549572396,0.03154431481579631
B-degree,Rocky coastal 1,Dorycnium fulgurans,locally absent,46,0,0,0,0
B-degree,Rocky coastal 1,Dorycnium fulgurans,locally unique,46,3,0,0,0
B-degree,Rocky coastal 1,Dorycnium fulgurans,model-elusive,46,0,0,0,0
B-degree,Rocky coastal 1,Dorycnium fulgurans,phantom,46,0,6.944626140353225,2.3492952715483364,0.15097013348593966
B-degree,Rocky coastal 1,Dorycnium fulgurans,possibly forbidden,46,41,39.05537385964678,2.3492952715483364,0.8490298665140604
B-degree,Rocky coastal 1,Dorycnium fulgurans,possibly missing,46,0,0,0,0
B-degree,Rocky coastal 1,Dorycnium fulgurans,recurrent,46,0,0,0,0
B-degree,Rocky coastal 1,Dorycnium fulgurans,weakly-supported,46,2,0,0,0
B-degree,Rocky coastal 1,Euphorbia dendroides,locally absent,46,7,13.943301096800353,2.7319237848434623,0.3031152412347903
B-degree,Rocky coastal 1,Euphorbia dendroides,locally unique,46,0,0.19597445551330545,0.43959943801801865,0.004260314250289249
B-degree,Rocky coastal 1,Euphorbia dendroides,model-elusive,46,3,7.317179115325944,1.9947839630149695,0.1590691112027379
B-degree,Rocky coastal 1,Euphorbia dendroides,phantom,46,2,2.3689494014802386,1.4670123464387275,0.0514989000321791
B-degree,Rocky coastal 1,Euphorbia dendroides,possibly forbidden,46,28,15.123824369072231,2.3265309986006777,0.32877879063200505
B-degree,Rocky coastal 1,Euphorbia dendroides,possibly missing,46,1,3.260048986023717,1.6746447794126171,0.07087063013095038
B-degree,Rocky coastal 1,Euphorbia dendroides,recurrent,46,2,2.736622747742002,1.3578106782743973,0.05949179886395657
B-degree,Rocky coastal 1,Euphorbia dendroides,weakly-supported,46,3,1.054099828042208,0.9645774830661323,0.02291521365309148
B-degree,Rocky coastal 1,Helichrysum stoechas,locally absent,46,6,13.095554573427714,2.678636096813742,0.284685968987559
B-degree,Rocky coastal 1,Helichrysum stoechas,locally unique,46,1,0.4367031229204748,0.6472236911908656,0.009493546150445105
B-degree,Rocky coastal 1,Helichrysum stoechas,model-elusive,46,2,7.5404570216927675,2.1612803543983357,0.16392297873245146
B-degree,Rocky coastal 1,Helichrysum stoechas,phantom,46,1,2.618455601070566,1.525203661282925,0.05692294784936013
B-degree,Rocky coastal 1,Helichrysum stoechas,possibly forbidden,46,27,13.247379674218472,2.287010868658518,0.2879865146569233
B-degree,Rocky coastal 1,Helichrysum stoechas,possibly missing,46,1,3.5945787710245387,1.7578297057089818,0.07814301676140302
B-degree,Rocky coastal 1,Helichrysum stoechas,recurrent,46,2,3.520009065294611,1.542202423382812,0.07652193620205676
B-degree,Rocky coastal 1,Helichrysum stoechas,weakly-supported,46,6,1.9468621703508557,1.2372103306026117,0.042323090659801214
B-degree,Rocky coastal 1,Lonicera implexa,locally absent,46,1,4.748571845801411,1.9959402981029968,0.10322982273481329
B-degree,Rocky coastal 1,Lonicera implexa,locally unique,46,0,0.11387559276595084,0.3345854641420639,0.002475556364477192
B-degree,Rocky coastal 1,Lonicera implexa,model-elusive,46,1,0.14928102491764395,0.3829189337357665,0.0032452396721226943
B-degree,Rocky coastal 1,Lonicera implexa,phantom,46,3,4.307028596727872,1.939176849377702,0.09363105645060592
B-degree,Rocky coastal 1,Lonicera implexa,possibly forbidden,46,41,35.04847754596493,2.671770814053744,0.761923424912281
B-degree,Rocky coastal 1,Lonicera implexa,possibly missing,46,0,1.0240782626639235,0.9571515695098398,0.022262570927476598
B-degree,Rocky coastal 1,Lonicera implexa,recurrent,46,0,0.04564398325292892,0.21259902393074315,9.922605054984547e-4
B-degree,Rocky coastal 1,Lonicera implexa,weakly-supported,46,0,0.5630431479053408,0.7236642044089483,0.0122400684327248
B-degree,Rocky coastal 1,Ruta chalepensis,locally absent,46,1,4.524448143013848,1.953819094996368,0.098357568326388
B-degree,Rocky coastal 1,Ruta chalepensis,locally unique,46,0,0.2214121019900129,0.4561578317512153,0.004813306565000281
B-degree,Rocky coastal 1,Ruta chalepensis,model-elusive,46,0,0.4455339137347783,0.5985069098803134,0.009685519863799529
B-degree,Rocky coastal 1,Ruta chalepensis,phantom,46,2,4.446909802497277,1.9669248168586986,0.09667195222820169
B-degree,Rocky coastal 1,Ruta chalepensis,possibly forbidden,46,41,34.46322371038526,2.674619307089144,0.7492005154431578
B-degree,Rocky coastal 1,Ruta chalepensis,possibly missing,46,0,0.8870821237201253,0.9117968384151048,0.019284393993915766
B-degree,Rocky coastal 1,Ruta chalepensis,recurrent,46,1,0.24247746286370905,0.4469024031723632,0.005271249192689328
B-degree,Rocky coastal 1,Ruta chalepensis,weakly-supported,46,1,0.7689127417949949,0.8156766221560858,0.016715494386847714
B-degree,Rocky coastal 1,Salvia rosmarinus,locally absent,46,2,8.149806945833761,2.4243590657993797,0.17716971621377742
B-degree,Rocky coastal 1,Salvia rosmarinus,locally unique,46,1,0.2622513595155623,0.501662068259862,0.0057011165112078755
B-degree,Rocky coastal 1,Salvia rosmarinus,model-elusive,46,1,1.1492990840628297,0.9255015744939966,0.024984762697018038
B-degree,Rocky coastal 1,Salvia rosmarinus,phantom,46,1,3.782374646021043,1.8468841336057802,0.08222553578306614
B-degree,Rocky coastal 1,Salvia rosmarinus,possibly forbidden,46,39,29.356126192568002,2.834151657021588,0.638176656360174
B-degree,Rocky coastal 1,Salvia rosmarinus,possibly missing,46,1,1.6961248438320977,1.2237116807238406,0.036872279213741255
B-degree,Rocky coastal 1,Salvia rosmarinus,recurrent,46,0,0.4573580644144653,0.596523894404521,0.009942566617705767
B-degree,Rocky coastal 1,Salvia rosmarinus,weakly-supported,46,1,1.146658863752237,0.9968777498649776,0.0249273666033095
B-degree,Rocky coastal 1,Sedum sediforme,locally absent,46,4,12.761697791657792,2.696061073771925,0.2774282128621259
B-degree,Rocky coastal 1,Sedum sediforme,locally unique,46,0,0.21005263712472058,0.45475052380677616,0.00456636167662436
B-degree,Rocky coastal 1,Sedum sediforme,model-elusive,46,1,2.723254903597301,1.369688005865126,0.05920119355646306
B-degree,Rocky coastal 1,Sedum sediforme,phantom,46,2,2.9557429523053074,1.6433873602231073,0.0642552815718545
B-degree,Rocky coastal 1,Sedum sediforme,possibly forbidden,46,36,22.518298649008848,2.7394707025224707,0.48952823150019237
B-degree,Rocky coastal 1,Sedum sediforme,possibly missing,46,0,2.5832723380500235,1.4895104962255763,0.056158094305435294
B-degree,Rocky coastal 1,Sedum sediforme,recurrent,46,1,0.9020832736951799,0.8217488756792688,0.019610505949895215
B-degree,Rocky coastal 1,Sedum sediforme,weakly-supported,46,2,1.3455974545608307,1.0777040302091327,0.029252118577409364
B-degree,Rocky coastal 1,Teucrium capitatum,locally absent,46,5,6.112638798655173,1.9804466857148006,0.13288345214467767
B-degree,Rocky coastal 1,Teucrium capitatum,locally unique,46,1,0.2668548955172658,0.5083842750965184,0.005801193380810127
B-degree,Rocky coastal 1,Teucrium capitatum,model-elusive,46,6,16.378673898066644,2.7487030347208905,0.3560581282188401
B-degree,Rocky coastal 1,Teucrium capitatum,phantom,46,5,2.5315771911897684,1.395988556617913,0.055034286764994965
B-degree,Rocky coastal 1,Teucrium capitatum,possibly forbidden,46,12,6.17089706827546,1.6210141477331022,0.13414993626685784
B-degree,Rocky coastal 1,Teucrium capitatum,possibly missing,46,4,2.8708250538227205,1.5323112354961994,0.062409240300493926
B-degree,Rocky coastal 1,Teucrium capitatum,recurrent,46,11,10.933617480846364,2.500898770789997,0.23768733654013835
B-degree,Rocky coastal 1,Teucrium capitatum,weakly-supported,46,2,0.7349156136266043,0.8148863398794877,0.01597642638318705
B-uniform,Rocky coastal 1,Allium sp.,locally absent,46,1,8.892081731460925,2.580705949342485,0.19330612459697663
B-uniform,Rocky coastal 1,Allium sp.,locally unique,46,3,2.9131544708826342,1.5771474935008478,0.0633294450191877
B-uniform,Rocky coastal 1,Allium sp.,model-elusive,46,0,6.524518856028975,2.2786805383117397,0.1418373664354125
B-uniform,Rocky coastal 1,Allium sp.,phantom,46,3,3.162622573713057,1.687465589954002,0.06875266464593602
B-uniform,Rocky coastal 1,Allium sp.,possibly forbidden,46,30,11.358018956586692,2.779148694465278,0.24691345557797156
B-uniform,Rocky coastal 1,Allium sp.,possibly missing,46,0,2.476671662383601,1.5112236715866125,0.05384068831268698
B-uniform,Rocky coastal 1,Allium sp.,recurrent,46,0,2.2535532213626603,1.4148524092680386,0.0489902874209274
B-uniform,Rocky coastal 1,Allium sp.,weakly-supported,46,9,8.419378527581456,2.485528718238111,0.1830299679909012
B-uniform,Rocky coastal 1,Astragalus balearicus,locally absent,46,0,11.384667118067336,2.8719307996435943,0.24749276343624643
B-uniform,Rocky coastal 1,Astragalus balearicus,locally unique,46,2,1.5091832578905646,1.1742941908495115,0.03280833169327314
B-uniform,Rocky coastal 1,Astragalus balearicus,model-elusive,46,0,5.54939046803113,2.1621930433551793,0.12063892321806804
B-uniform,Rocky coastal 1,Astragalus balearicus,phantom,46,1,2.4528121996962438,1.4998871580257642,0.05332200434122269
B-uniform,Rocky coastal 1,Astragalus balearicus,possibly forbidden,46,40,14.832816163313147,3.08355969912473,0.32245252528941626
B-uniform,Rocky coastal 1,Astragalus balearicus,possibly missing,46,0,1.8826128557935868,1.3277558330669417,0.04092636643029537
B-uniform,Rocky coastal 1,Astragalus balearicus,recurrent,46,0,1.1583470611427489,1.0400172076422205,0.025181457850929324
B-uniform,Rocky coastal 1,Astragalus balearicus,weakly-supported,46,3,7.230170876065241,2.3970894386238295,0.15717762774054872
B-uniform,Rocky coastal 1,Daucus carota,locally absent,46,0,1.599366734826352,1.2048717920287122,0.034768842061442436
B-uniform,Rocky coastal 1,Daucus carota,locally unique,46,23,11.226992787262091,2.818239089125529,0.24406506059265415
B-uniform,Rocky coastal 1,Daucus carota,model-elusive,46,0,6.237844065651346,2.2652147543808394,0.13560530577502924
B-uniform,Rocky coastal 1,Daucus carota,phantom,46,7,3.345579038571547,1.6275430549169194,0.07272997909938146
B-uniform,Rocky coastal 1,Daucus carota,possibly forbidden,46,0,1.6545542010382068,1.2211065244869697,0.0359685695877871
B-uniform,Rocky coastal 1,Daucus carota,possibly missing,46,3,3.300706106076031,1.6348422979577524,0.07175448056687024
B-uniform,Rocky coastal 1,Daucus carota,recurrent,46,13,12.496997723613552,2.8513564526801516,0.27167386355681633
B-uniform,Rocky coastal 1,Daucus carota,weakly-supported,46,0,6.137959342960874,2.237550866282296,0.13343389876001902
B-uniform,Rocky coastal 1,Dorycnium fulgurans,locally absent,46,0,11.51452561834763,2.885121702711972,0.250315774311905
B-uniform,Rocky coastal 1,Dorycnium fulgurans,locally unique,46,3,1.6453724806155732,1.2074095607164719,0.03576896696990377
B-uniform,Rocky coastal 1,Dorycnium fulgurans,model-elusive,46,0,5.444860825870027,2.1564951553366947,0.11836653969282666
B-uniform,Rocky coastal 1,Dorycnium fulgurans,phantom,46,0,2.2836226009205056,1.4633880089624214,0.04964396958522838
B-uniform,Rocky coastal 1,Dorycnium fulgurans,possibly forbidden,46,41,15.002005762088887,3.096127463080104,0.3261305600454106
B-uniform,Rocky coastal 1,Dorycnium fulgurans,possibly missing,46,0,1.752754355513293,1.2919101009828275,0.0381033555546368
B-uniform,Rocky coastal 1,Dorycnium fulgurans,recurrent,46,0,1.2628767033038524,1.0734984517483819,0.027453841376170705
B-uniform,Rocky coastal 1,Dorycnium fulgurans,weakly-supported,46,2,7.093981653340233,2.3969805065581324,0.1542169924639181
B-uniform,Rocky coastal 1,Euphorbia dendroides,locally absent,46,7,10.940418038896487,2.798087329098677,0.2378351747586193
B-uniform,Rocky coastal 1,Euphorbia dendroides,locally unique,46,0,1.5983125225703507,1.2219866763808758,0.03474592440370328
B-uniform,Rocky coastal 1,Euphorbia dendroides,model-elusive,46,3,6.969596812318746,2.3003523790848495,0.1515129741808423
B-uniform,Rocky coastal 1,Euphorbia dendroides,phantom,46,2,2.664776829751678,1.5606120348235493,0.057929931081558216
B-uniform,Rocky coastal 1,Euphorbia dendroides,possibly forbidden,46,28,12.417183734481824,2.885697055780614,0.2699387768365614
B-uniform,Rocky coastal 1,Euphorbia dendroides,possibly missing,46,1,2.5318811282863094,1.5108516453286045,0.05504089409318064
B-uniform,Rocky coastal 1,Euphorbia dendroides,recurrent,46,2,1.7666251101509256,1.2550609938877293,0.038404893698933164
B-uniform,Rocky coastal 1,Euphorbia dendroides,weakly-supported,46,3,7.11120582354368,2.3568648612658385,0.15459143094660174
B-uniform,Rocky coastal 1,Helichrysum stoechas,locally absent,46,6,9.941682064261263,2.6838678366149993,0.2161235231361144
B-uniform,Rocky coastal 1,Helichrysum stoechas,locally unique,46,1,2.413450055361855,1.4592535133014781,0.052466305551344676
B-uniform,Rocky coastal 1,Helichrysum stoechas,model-elusive,46,2,6.941503153429883,2.3299400407323856,0.15090224246586703
B-uniform,Rocky coastal 1,Helichrysum stoechas,phantom,46,1,2.7745765693897333,1.5969749130090245,0.060316881943255074
B-uniform,Rocky coastal 1,Helichrysum stoechas,possibly forbidden,46,27,11.315276737471095,2.7811593692998637,0.24598427690154553
B-uniform,Rocky coastal 1,Helichrysum stoechas,possibly missing,46,1,2.5240757548401898,1.5269913176820502,0.05487121206174326
B-uniform,Rocky coastal 1,Helichrysum stoechas,recurrent,46,2,2.4576441807184133,1.4440923113853332,0.05342704740692203
B-uniform,Rocky coastal 1,Helichrysum stoechas,weakly-supported,46,6,7.631791484527568,2.405350970277026,0.16590851053320801
B-uniform,Rocky coastal 1,Lonicera implexa,locally absent,46,1,12.845484970031302,3.022510413373776,0.27924967326155004
B-uniform,Rocky coastal 1,Lonicera implexa,locally unique,46,0,0.8518877321437811,0.9080530270326982,0.018519298524864808
B-uniform,Rocky coastal 1,Lonicera implexa,model-elusive,46,1,5.049039387555694,2.086945619648256,0.10976172581642812
B-uniform,Rocky coastal 1,Lonicera implexa,phantom,46,3,2.2146296214163725,1.4249970657404742,0.04814412220470375
B-uniform,Rocky coastal 1,Lonicera implexa,possibly forbidden,46,41,16.440024803128917,3.2197624255747748,0.3573918435462808
B-uniform,Rocky coastal 1,Lonicera implexa,possibly missing,46,0,1.7176337495657459,1.2683003323077469,0.03733986412099448
B-uniform,Rocky coastal 1,Lonicera implexa,recurrent,46,0,0.7064753322847763,0.8267648007589048,0.015358159397495137
B-uniform,Rocky coastal 1,Lonicera implexa,weakly-supported,46,0,6.17482440387341,2.303395809940532,0.13423531312768283
B-uniform,Rocky coastal 1,Ruta chalepensis,locally absent,46,1,12.579312895026018,2.9936820762783958,0.27346332380491345
B-uniform,Rocky coastal 1,Ruta chalepensis,locally unique,46,0,1.0204486653862959,0.9836029305808773,0.02218366663883252
B-uniform,Rocky coastal 1,Ruta chalepensis,model-elusive,46,0,5.137706667365684,2.111689215393042,0.11168927537751487
B-uniform,Rocky coastal 1,Ruta chalepensis,phantom,46,2,2.1758189486390087,1.4202805535036298,0.047300411926934974
B-uniform,Rocky coastal 1,Ruta chalepensis,possibly forbidden,46,41,16.10191667174306,3.1910177410338942,0.35004166677702303
B-uniform,Rocky coastal 1,Ruta chalepensis,possibly missing,46,0,1.6945084269162503,1.264950956031915,0.036837139715570656
B-uniform,Rocky coastal 1,Ruta chalepensis,recurrent,46,1,0.9071054501295701,0.9131952884897219,0.019719683698468916
B-uniform,Rocky coastal 1,Ruta chalepensis,weakly-supported,46,1,6.383182274794118,2.322960686882745,0.1387648320607417
B-uniform,Rocky coastal 1,Salvia rosmarinus,locally absent,46,2,12.3759746001389,2.968453695202225,0.2690429260899761
B-uniform,Rocky coastal 1,Salvia rosmarinus,locally unique,46,1,1.1532894820073438,1.0331092435795493,0.025071510478420517
B-uniform,Rocky coastal 1,Salvia rosmarinus,model-elusive,46,1,5.4532253123915915,2.141238304650377,0.11854837635633894
B-uniform,Rocky coastal 1,Salvia rosmarinus,phantom,46,1,2.211769968466078,1.4338064624951152,0.04808195583621908
B-uniform,Rocky coastal 1,Salvia rosmarinus,possibly forbidden,46,39,15.435936440618594,3.137732460743224,0.3355638356656216
B-uniform,Rocky coastal 1,Salvia rosmarinus,possibly missing,46,1,1.8616597312827536,1.3162118220377843,0.04047086372353812
B-uniform,Rocky coastal 1,Salvia rosmarinus,recurrent,46,0,0.9713897320269927,0.9558079630597646,0.021117168087543322
B-uniform,Rocky coastal 1,Salvia rosmarinus,weakly-supported,46,1,6.536754733067746,2.3342895209130172,0.1421033637623423
B-uniform,Rocky coastal 1,Sedum sediforme,locally absent,46,4,12.146237446651245,2.9323939810068667,0.2640486401445923
B-uniform,Rocky coastal 1,Sedum sediforme,locally unique,46,0,1.1123788216631025,1.0330701872491395,0.02418214829702397
B-uniform,Rocky coastal 1,Sedum sediforme,model-elusive,46,1,5.912971053656582,2.1885021302812913,0.1285428489925344
B-uniform,Rocky coastal 1,Sedum sediforme,phantom,46,2,2.409921640394854,1.4849725198612513,0.05238960087814899
B-uniform,Rocky coastal 1,Sedum sediforme,possibly forbidden,46,36,14.709391766711665,3.087172864549563,0.3197693862328623
B-uniform,Rocky coastal 1,Sedum sediforme,possibly missing,46,0,1.9535736849305552,1.3517231691047324,0.04246899315066424
B-uniform,Rocky coastal 1,Sedum sediforme,recurrent,46,1,1.1752770541867197,1.0174912485669714,0.025549501177972167
B-uniform,Rocky coastal 1,Sedum sediforme,weakly-supported,46,2,6.5802485318052755,2.3184479985618975,0.14304888112620165
B-uniform,Rocky coastal 1,Teucrium capitatum,locally absent,46,5,7.1395371277507875,2.31287933751717,0.15520732886414756
B-uniform,Rocky coastal 1,Teucrium capitatum,locally unique,46,1,3.5234631291927845,1.751142803805022,0.07659702454766923
B-uniform,Rocky coastal 1,Teucrium capitatum,model-elusive,46,6,9.463311363645754,2.5366254193789364,0.20572416007925554
B-uniform,Rocky coastal 1,Teucrium capitatum,phantom,46,5,3.223493566823914,1.6828244594559203,0.0700759471048677
B-uniform,Rocky coastal 1,Teucrium capitatum,possibly forbidden,46,12,6.557654073364557,2.2212394105174655,0.1425576972470556
B-uniform,Rocky coastal 1,Teucrium capitatum,possibly missing,46,4,3.6389805416609713,1.7829790456618855,0.07910827264480372
B-uniform,Rocky coastal 1,Teucrium capitatum,recurrent,46,11,6.216937383698449,2.1040783251388704,0.1351508126890967
B-uniform,Rocky coastal 1,Teucrium capitatum,weakly-supported,46,2,6.236622813862782,2.237282692036627,0.13557875682310397
