link_ID,higher_level,lower_level,ground_truth,link,probability,classification,confusion
0,Asparagus.acutifolius,Alectoris.rufa,0.0,0,0.05,0,TN
1,Crataegus.monogyna,Alectoris.rufa,0.0,0,0.05,0,TN
2,Daphne.gnidium,Alectoris.rufa,0.0,0,0.04,0,TN
3,Lonicera.periclymenum,Alectoris.rufa,0.0,0,0.09,0,TN
4,Myrtus.communis,Alectoris.rufa,0.0,0,0.05,0,TN
5,Olea.europaea,Alectoris.rufa,1.0,1,0.97,1,-
6,Osyris.alba,Alectoris.rufa,0.0,0,0.02,0,TN
7,Phillyrea.angustifolia,Alectoris.rufa,0.0,0,0.05,0,TN
8,Pistacia.lentiscus,Alectoris.rufa,1.0,-1,0.18,0,FN
9,Pyrus.bourgaeana,Alectoris.rufa,0.0,0,0.05,0,TN
10,Rhamnus.lycioides,Alectoris.rufa,0.0,0,0.05,0,TN
11,Rubia.pregrina,Alectoris.rufa,0.0,0,0.02,0,TN
12,Rubus.ulmifolius,Alectoris.rufa,0.0,0,0.05,0,TN
13,Smilax.aspera,Alectoris.rufa,0.0,0,0.05,0,TN
14,Tamus.communis,Alectoris.rufa,0.0,0,0.09,0,TN
15,Asparagus.acutifolius,Carduelis.chloris,0.0,0,0.05,0,TN
16,Crataegus.monogyna,Carduelis.chloris,0.0,0,0.06,0,TN
17,Daphne.gnidium,Carduelis.chloris,0.0,0,0.05,0,TN
18,Lonicera.periclymenum,Carduelis.chloris,0.0,0,0.09,0,TN
19,Myrtus.communis,Carduelis.chloris,0.0,0,0.06,0,TN
20,Olea.europaea,Carduelis.chloris,1.0,-1,0.21,0,FN
21,Osyris.alba,Carduelis.chloris,0.0,0,0.03,0,TN
22,Phillyrea.angustifolia,Carduelis.chloris,0.0,0,0.05,0,TN
23,Pistacia.lentiscus,Carduelis.chloris,1.0,1,0.95,1,-
24,Pyrus.bourgaeana,Carduelis.chloris,0.0,0,0.05,0,TN
25,Rhamnus.lycioides,Carduelis.chloris,0.0,0,0.06,0,TN
26,Rubia.pregrina,Carduelis.chloris,0.0,0,0.03,0,TN
27,Rubus.ulmifolius,Carduelis.chloris,0.0,0,0.06,0,TN
28,Smilax.aspera,Carduelis.chloris,0.0,0,0.05,0,TN
29,Tamus.communis,Carduelis.chloris,0.0,0,0.09,0,TN
30,Asparagus.acutifolius,Coccothraustes.coccothraustes,0.0,0,0.05,0,TN
31,Crataegus.monogyna,Coccothraustes.coccothraustes,0.0,0,0.05,0,TN
32,Daphne.gnidium,Coccothraustes.coccothraustes,0.0,0,0.04,0,TN
33,Lonicera.periclymenum,Coccothraustes.coccothraustes,0.0,0,0.09,0,TN
34,Myrtus.communis,Coccothraustes.coccothraustes,0.0,0,0.05,0,TN
35,Olea.europaea,Coccothraustes.coccothraustes,1.0,1,0.97,1,-
36,Osyris.alba,Coccothraustes.coccothraustes,0.0,0,0.02,0,TN
37,Phillyrea.angustifolia,Coccothraustes.coccothraustes,0.0,0,0.05,0,TN
38,Pistacia.lentiscus,Coccothraustes.coccothraustes,0.0,0,0.18,0,TN
39,Pyrus.bourgaeana,Coccothraustes.coccothraustes,0.0,0,0.05,0,TN
40,Rhamnus.lycioides,Coccothraustes.coccothraustes,0.0,0,0.05,0,TN
41,Rubia.pregrina,Coccothraustes.coccothraustes,0.0,0,0.02,0,TN
42,Rubus.ulmifolius,Coccothraustes.coccothraustes,0.0,0,0.05,0,TN
43,Smilax.aspera,Coccothraustes.coccothraustes,0.0,0,0.05,0,TN
44,Tamus.communis,Coccothraustes.coccothraustes,0.0,0,0.09,0,TN
45,Asparagus.acutifolius,Columba.palumbus,0.0,0,0.05,0,TN
46,Crataegus.monogyna,Columba.palumbus,0.0,0,0.06,0,TN
47,Daphne.gnidium,Columba.palumbus,0.0,0,0.05,0,TN
48,Lonicera.periclymenum,Columba.palumbus,0.0,0,0.09,0,TN
49,Myrtus.communis,Columba.palumbus,0.0,0,0.06,0,TN
50,Olea.europaea,Columba.palumbus,1.0,-1,0.21,0,FN
51,Osyris.alba,Columba.palumbus,0.0,0,0.03,0,TN
52,Phillyrea.angustifolia,Columba.palumbus,0.0,0,0.05,0,TN
53,Pistacia.lentiscus,Columba.palumbus,1.0,1,0.95,1,-
54,Pyrus.bourgaeana,Columba.palumbus,0.0,0,0.05,0,TN
55,Rhamnus.lycioides,Columba.palumbus,0.0,0,0.06,0,TN
56,Rubia.pregrina,Columba.palumbus,0.0,0,0.03,0,TN
57,Rubus.ulmifolius,Columba.palumbus,0.0,0,0.06,0,TN
58,Smilax.aspera,Columba.palumbus,0.0,0,0.05,0,TN
59,Tamus.communis,Columba.palumbus,0.0,0,0.09,0,TN
60,Asparagus.acutifolius,Corvus.corax,0.0,0,0.13,0,TN
61,Crataegus.monogyna,Corvus.corax,0.0,0,0.17,0,TN
62,Daphne.gnidium,Corvus.corax,0.0,0,0.2,0,TN
63,Lonicera.periclymenum,Corvus.corax,0.0,0,0.1,0,TN
64,Myrtus.communis,Corvus.corax,0.0,0,0.17,0,TN
65,Olea.europaea,Corvus.corax,0.0,0,0.52,1,FP
66,Osyris.alba,Corvus.corax,0.0,0,0.07,0,TN
67,Phillyrea.angustifolia,Corvus.corax,0.0,0,0.21,0,TN
68,Pistacia.lentiscus,Corvus.corax,0.0,0,0.57,1,FP
69,Pyrus.bourgaeana,Corvus.corax,1.0,-1,0.12,0,FN
70,Rhamnus.lycioides,Corvus.corax,0.0,0,0.21,0,TN
71,Rubia.pregrina,Corvus.corax,0.0,0,0.09,0,TN
72,Rubus.ulmifolius,Corvus.corax,0.0,0,0.26,0,TN
73,Smilax.aspera,Corvus.corax,0.0,0,0.12,0,TN
74,Tamus.communis,Corvus.corax,0.0,0,0.1,0,TN
75,Asparagus.acutifolius,Corvus.monedula,0.0,0,0.05,0,TN
76,Crataegus.monogyna,Corvus.monedula,0.0,0,0.05,0,TN
77,Daphne.gnidium,Corvus.monedula,0.0,0,0.04,0,TN
78,Lonicera.periclymenum,Corvus.monedula,0.0,0,0.09,0,TN
79,Myrtus.communis,Corvus.monedula,0.0,0,0.05,0,TN
80,Olea.europaea,Corvus.monedula,1.0,1,0.97,1,-
81,Osyris.alba,Corvus.monedula,0.0,0,0.02,0,TN
82,Phillyrea.angustifolia,Corvus.monedula,0.0,0,0.05,0,TN
83,Pistacia.lentiscus,Corvus.monedula,0.0,0,0.18,0,TN
84,Pyrus.bourgaeana,Corvus.monedula,1.0,-1,0.05,0,FN
85,Rhamnus.lycioides,Corvus.monedula,0.0,0,0.05,0,TN
86,Rubia.pregrina,Corvus.monedula,0.0,0,0.02,0,TN
87,Rubus.ulmifolius,Corvus.monedula,0.0,0,0.05,0,TN
88,Smilax.aspera,Corvus.monedula,0.0,0,0.05,0,TN
89,Tamus.communis,Corvus.monedula,0.0,0,0.09,0,TN
90,Asparagus.acutifolius,Cyanopica.cyanus,0.0,0,0.49,0,TN
91,Crataegus.monogyna,Cyanopica.cyanus,1.0,1,0.67,1,-
92,Daphne.gnidium,Cyanopica.cyanus,0.0,0,0.49,0,TN
93,Lonicera.periclymenum,Cyanopica.cyanus,0.0,0,0.41,0,TN
94,Myrtus.communis,Cyanopica.cyanus,1.0,1,0.62,1,-
95,Olea.europaea,Cyanopica.cyanus,1.0,1,0.84,1,-
96,Osyris.alba,Cyanopica.cyanus,0.0,0,0.16,0,TN
97,Phillyrea.angustifolia,Cyanopica.cyanus,0.0,0,0.64,1,FP
98,Pistacia.lentiscus,Cyanopica.cyanus,1.0,1,0.88,1,-
99,Pyrus.bourgaeana,Cyanopica.cyanus,1.0,-1,0.51,1,TP
100,Rhamnus.lycioides,Cyanopica.cyanus,1.0,1,0.64,1,-
101,Rubia.pregrina,Cyanopica.cyanus,0.0,0,0.16,0,TN
102,Rubus.ulmifolius,Cyanopica.cyanus,1.0,-1,0.7,1,TP
103,Smilax.aspera,Cyanopica.cyanus,0.0,0,0.51,1,FP
104,Tamus.communis,Cyanopica.cyanus,0.0,0,0.41,0,TN
105,Asparagus.acutifolius,Emberiza.calandra,0.0,0,0.13,0,TN
106,Crataegus.monogyna,Emberiza.calandra,0.0,0,0.17,0,TN
107,Daphne.gnidium,Emberiza.calandra,0.0,0,0.2,0,TN
108,Lonicera.periclymenum,Emberiza.calandra,0.0,0,0.1,0,TN
109,Myrtus.communis,Emberiza.calandra,0.0,0,0.17,0,TN
110,Olea.europaea,Emberiza.calandra,0.0,0,0.52,1,FP
111,Osyris.alba,Emberiza.calandra,0.0,0,0.07,0,TN
112,Phillyrea.angustifolia,Emberiza.calandra,0.0,0,0.21,0,TN
113,Pistacia.lentiscus,Emberiza.calandra,1.0,-1,0.57,1,TP
114,Pyrus.bourgaeana,Emberiza.calandra,0.0,0,0.12,0,TN
115,Rhamnus.lycioides,Emberiza.calandra,0.0,0,0.21,0,TN
116,Rubia.pregrina,Emberiza.calandra,0.0,0,0.09,0,TN
117,Rubus.ulmifolius,Emberiza.calandra,0.0,0,0.26,0,TN
118,Smilax.aspera,Emberiza.calandra,0.0,0,0.12,0,TN
119,Tamus.communis,Emberiza.calandra,0.0,0,0.1,0,TN
120,Asparagus.acutifolius,Erithacus.rubecula,0.0,0,0.13,0,TN
121,Crataegus.monogyna,Erithacus.rubecula,0.0,0,0.17,0,TN
122,Daphne.gnidium,Erithacus.rubecula,0.0,0,0.2,0,TN
123,Lonicera.periclymenum,Erithacus.rubecula,0.0,0,0.1,0,TN
124,Myrtus.communis,Erithacus.rubecula,0.0,0,0.17,0,TN
125,Olea.europaea,Erithacus.rubecula,1.0,-1,0.52,1,TP
126,Osyris.alba,Erithacus.rubecula,0.0,0,0.07,0,TN
127,Phillyrea.angustifolia,Erithacus.rubecula,0.0,0,0.21,0,TN
128,Pistacia.lentiscus,Erithacus.rubecula,1.0,-1,0.57,1,TP
129,Pyrus.bourgaeana,Erithacus.rubecula,0.0,0,0.12,0,TN
130,Rhamnus.lycioides,Erithacus.rubecula,0.0,0,0.21,0,TN
131,Rubia.pregrina,Erithacus.rubecula,0.0,0,0.09,0,TN
132,Rubus.ulmifolius,Erithacus.rubecula,0.0,0,0.26,0,TN
133,Smilax.aspera,Erithacus.rubecula,0.0,0,0.12,0,TN
134,Tamus.communis,Erithacus.rubecula,0.0,0,0.1,0,TN
135,Asparagus.acutifolius,Ficedula.hypoleuca,0.0,0,0.05,0,TN
136,Crataegus.monogyna,Ficedula.hypoleuca,0.0,0,0.06,0,TN
137,Daphne.gnidium,Ficedula.hypoleuca,0.0,0,0.05,0,TN
138,Lonicera.periclymenum,Ficedula.hypoleuca,0.0,0,0.09,0,TN
139,Myrtus.communis,Ficedula.hypoleuca,0.0,0,0.06,0,TN
140,Olea.europaea,Ficedula.hypoleuca,0.0,0,0.21,0,TN
141,Osyris.alba,Ficedula.hypoleuca,0.0,0,0.03,0,TN
142,Phillyrea.angustifolia,Ficedula.hypoleuca,0.0,0,0.05,0,TN
143,Pistacia.lentiscus,Ficedula.hypoleuca,1.0,1,0.95,1,-
144,Pyrus.bourgaeana,Ficedula.hypoleuca,0.0,0,0.05,0,TN
145,Rhamnus.lycioides,Ficedula.hypoleuca,0.0,0,0.06,0,TN
146,Rubia.pregrina,Ficedula.hypoleuca,0.0,0,0.03,0,TN
147,Rubus.ulmifolius,Ficedula.hypoleuca,0.0,0,0.06,0,TN
148,Smilax.aspera,Ficedula.hypoleuca,0.0,0,0.05,0,TN
149,Tamus.communis,Ficedula.hypoleuca,0.0,0,0.09,0,TN
150,Asparagus.acutifolius,Fringilla.coelebs,0.0,0,0.2,0,TN
151,Crataegus.monogyna,Fringilla.coelebs,0.0,0,0.27,0,TN
152,Daphne.gnidium,Fringilla.coelebs,0.0,0,0.22,0,TN
153,Lonicera.periclymenum,Fringilla.coelebs,0.0,0,0.12,0,TN
154,Myrtus.communis,Fringilla.coelebs,0.0,0,0.27,0,TN
155,Olea.europaea,Fringilla.coelebs,1.0,1,0.74,1,-
156,Osyris.alba,Fringilla.coelebs,0.0,0,0.05,0,TN
157,Phillyrea.angustifolia,Fringilla.coelebs,0.0,0,0.3,0,TN
158,Pistacia.lentiscus,Fringilla.coelebs,1.0,1,0.77,1,-
159,Pyrus.bourgaeana,Fringilla.coelebs,0.0,0,0.16,0,TN
160,Rhamnus.lycioides,Fringilla.coelebs,0.0,0,0.29,0,TN
161,Rubia.pregrina,Fringilla.coelebs,0.0,0,0.05,0,TN
162,Rubus.ulmifolius,Fringilla.coelebs,0.0,0,0.35,0,TN
163,Smilax.aspera,Fringilla.coelebs,0.0,0,0.16,0,TN
164,Tamus.communis,Fringilla.coelebs,0.0,0,0.12,0,TN
165,Asparagus.acutifolius,Luscinia.megarhynchos,0.0,0,0.13,0,TN
166,Crataegus.monogyna,Luscinia.megarhynchos,0.0,0,0.17,0,TN
167,Daphne.gnidium,Luscinia.megarhynchos,0.0,0,0.2,0,TN
168,Lonicera.periclymenum,Luscinia.megarhynchos,0.0,0,0.1,0,TN
169,Myrtus.communis,Luscinia.megarhynchos,0.0,0,0.17,0,TN
170,Olea.europaea,Luscinia.megarhynchos,0.0,0,0.52,1,FP
171,Osyris.alba,Luscinia.megarhynchos,0.0,0,0.07,0,TN
172,Phillyrea.angustifolia,Luscinia.megarhynchos,0.0,0,0.21,0,TN
173,Pistacia.lentiscus,Luscinia.megarhynchos,0.0,0,0.57,1,FP
174,Pyrus.bourgaeana,Luscinia.megarhynchos,0.0,0,0.12,0,TN
175,Rhamnus.lycioides,Luscinia.megarhynchos,0.0,0,0.21,0,TN
176,Rubia.pregrina,Luscinia.megarhynchos,0.0,0,0.09,0,TN
177,Rubus.ulmifolius,Luscinia.megarhynchos,0.0,0,0.26,0,TN
178,Smilax.aspera,Luscinia.megarhynchos,0.0,0,0.12,0,TN
179,Tamus.communis,Luscinia.megarhynchos,0.0,0,0.1,0,TN
180,Asparagus.acutifolius,Muscicapa.striata,0.0,0,0.05,0,TN
181,Crataegus.monogyna,Muscicapa.striata,0.0,0,0.06,0,TN
182,Daphne.gnidium,Muscicapa.striata,0.0,0,0.05,0,TN
183,Lonicera.periclymenum,Muscicapa.striata,0.0,0,0.09,0,TN
184,Myrtus.communis,Muscicapa.striata,0.0,0,0.06,0,TN
185,Olea.europaea,Muscicapa.striata,0.0,0,0.21,0,TN
186,Osyris.alba,Muscicapa.striata,0.0,0,0.03,0,TN
187,Phillyrea.angustifolia,Muscicapa.striata,0.0,0,0.05,0,TN
188,Pistacia.lentiscus,Muscicapa.striata,1.0,1,0.95,1,-
189,Pyrus.bourgaeana,Muscicapa.striata,0.0,0,0.05,0,TN
190,Rhamnus.lycioides,Muscicapa.striata,0.0,0,0.06,0,TN
191,Rubia.pregrina,Muscicapa.striata,0.0,0,0.03,0,TN
192,Rubus.ulmifolius,Muscicapa.striata,0.0,0,0.06,0,TN
193,Smilax.aspera,Muscicapa.striata,0.0,0,0.05,0,TN
194,Tamus.communis,Muscicapa.striata,0.0,0,0.09,0,TN
195,Asparagus.acutifolius,Parus.caeruleus,0.0,0,0.13,0,TN
196,Crataegus.monogyna,Parus.caeruleus,0.0,0,0.17,0,TN
197,Daphne.gnidium,Parus.caeruleus,0.0,0,0.2,0,TN
198,Lonicera.periclymenum,Parus.caeruleus,0.0,0,0.1,0,TN
199,Myrtus.communis,Parus.caeruleus,0.0,0,0.17,0,TN
200,Olea.europaea,Parus.caeruleus,0.0,0,0.52,1,FP
201,Osyris.alba,Parus.caeruleus,0.0,0,0.07,0,TN
202,Phillyrea.angustifolia,Parus.caeruleus,0.0,0,0.21,0,TN
203,Pistacia.lentiscus,Parus.caeruleus,0.0,0,0.57,1,FP
204,Pyrus.bourgaeana,Parus.caeruleus,0.0,0,0.12,0,TN
205,Rhamnus.lycioides,Parus.caeruleus,0.0,0,0.21,0,TN
206,Rubia.pregrina,Parus.caeruleus,0.0,0,0.09,0,TN
207,Rubus.ulmifolius,Parus.caeruleus,0.0,0,0.26,0,TN
208,Smilax.aspera,Parus.caeruleus,0.0,0,0.12,0,TN
209,Tamus.communis,Parus.caeruleus,0.0,0,0.1,0,TN
210,Asparagus.acutifolius,Parus.major,0.0,0,0.05,0,TN
211,Crataegus.monogyna,Parus.major,0.0,0,0.08,0,TN
212,Daphne.gnidium,Parus.major,1.0,1,0.69,1,-
213,Lonicera.periclymenum,Parus.major,0.0,0,0.09,0,TN
214,Myrtus.communis,Parus.major,0.0,0,0.07,0,TN
215,Olea.europaea,Parus.major,0.0,0,0.14,0,TN
216,Osyris.alba,Parus.major,0.0,0,0.02,0,TN
217,Phillyrea.angustifolia,Parus.major,0.0,0,0.08,0,TN
218,Pistacia.lentiscus,Parus.major,1.0,-1,0.15,0,FN
219,Pyrus.bourgaeana,Parus.major,0.0,0,0.06,0,TN
220,Rhamnus.lycioides,Parus.major,0.0,0,0.09,0,TN
221,Rubia.pregrina,Parus.major,0.0,0,0.03,0,TN
222,Rubus.ulmifolius,Parus.major,0.0,0,0.09,0,TN
223,Smilax.aspera,Parus.major,0.0,0,0.06,0,TN
224,Tamus.communis,Parus.major,0.0,0,0.09,0,TN
225,Asparagus.acutifolius,Passer.domesticus,0.0,0,0.05,0,TN
226,Crataegus.monogyna,Passer.domesticus,0.0,0,0.06,0,TN
227,Daphne.gnidium,Passer.domesticus,0.0,0,0.05,0,TN
228,Lonicera.periclymenum,Passer.domesticus,0.0,0,0.09,0,TN
229,Myrtus.communis,Passer.domesticus,0.0,0,0.06,0,TN
230,Olea.europaea,Passer.domesticus,0.0,0,0.21,0,TN
231,Osyris.alba,Passer.domesticus,0.0,0,0.03,0,TN
232,Phillyrea.angustifolia,Passer.domesticus,0.0,0,0.05,0,TN
233,Pistacia.lentiscus,Passer.domesticus,1.0,1,0.95,1,-
234,Pyrus.bourgaeana,Passer.domesticus,0.0,0,0.05,0,TN
235,Rhamnus.lycioides,Passer.domesticus,0.0,0,0.06,0,TN
236,Rubia.pregrina,Passer.domesticus,0.0,0,0.03,0,TN
237,Rubus.ulmifolius,Passer.domesticus,0.0,0,0.06,0,TN
238,Smilax.aspera,Passer.domesticus,0.0,0,0.05,0,TN
239,Tamus.communis,Passer.domesticus,0.0,0,0.09,0,TN
240,Asparagus.acutifolius,Phoenicurus.ochruros,0.0,0,0.13,0,TN
241,Crataegus.monogyna,Phoenicurus.ochruros,0.0,0,0.17,0,TN
242,Daphne.gnidium,Phoenicurus.ochruros,0.0,0,0.2,0,TN
243,Lonicera.periclymenum,Phoenicurus.ochruros,0.0,0,0.1,0,TN
244,Myrtus.communis,Phoenicurus.ochruros,0.0,0,0.17,0,TN
245,Olea.europaea,Phoenicurus.ochruros,0.0,0,0.52,1,FP
246,Osyris.alba,Phoenicurus.ochruros,0.0,0,0.07,0,TN
247,Phillyrea.angustifolia,Phoenicurus.ochruros,0.0,0,0.21,0,TN
248,Pistacia.lentiscus,Phoenicurus.ochruros,1.0,-1,0.57,1,TP
249,Pyrus.bourgaeana,Phoenicurus.ochruros,0.0,0,0.12,0,TN
250,Rhamnus.lycioides,Phoenicurus.ochruros,0.0,0,0.21,0,TN
251,Rubia.pregrina,Phoenicurus.ochruros,0.0,0,0.09,0,TN
252,Rubus.ulmifolius,Phoenicurus.ochruros,0.0,0,0.26,0,TN
253,Smilax.aspera,Phoenicurus.ochruros,0.0,0,0.12,0,TN
254,Tamus.communis,Phoenicurus.ochruros,0.0,0,0.1,0,TN
255,Asparagus.acutifolius,Phoenicurus.phoenicurus,0.0,0,0.13,0,TN
256,Crataegus.monogyna,Phoenicurus.phoenicurus,0.0,0,0.17,0,TN
257,Daphne.gnidium,Phoenicurus.phoenicurus,0.0,0,0.2,0,TN
258,Lonicera.periclymenum,Phoenicurus.phoenicurus,0.0,0,0.1,0,TN
259,Myrtus.communis,Phoenicurus.phoenicurus,0.0,0,0.17,0,TN
260,Olea.europaea,Phoenicurus.phoenicurus,0.0,0,0.52,1,FP
261,Osyris.alba,Phoenicurus.phoenicurus,0.0,0,0.07,0,TN
262,Phillyrea.angustifolia,Phoenicurus.phoenicurus,0.0,0,0.21,0,TN
263,Pistacia.lentiscus,Phoenicurus.phoenicurus,1.0,-1,0.57,1,TP
264,Pyrus.bourgaeana,Phoenicurus.phoenicurus,0.0,0,0.12,0,TN
265,Rhamnus.lycioides,Phoenicurus.phoenicurus,0.0,0,0.21,0,TN
266,Rubia.pregrina,Phoenicurus.phoenicurus,0.0,0,0.09,0,TN
267,Rubus.ulmifolius,Phoenicurus.phoenicurus,0.0,0,0.26,0,TN
268,Smilax.aspera,Phoenicurus.phoenicurus,0.0,0,0.12,0,TN
269,Tamus.communis,Phoenicurus.phoenicurus,0.0,0,0.1,0,TN
270,Asparagus.acutifolius,Phylloscopus.collybita,0.0,0,0.13,0,TN
271,Crataegus.monogyna,Phylloscopus.collybita,0.0,0,0.17,0,TN
272,Daphne.gnidium,Phylloscopus.collybita,0.0,0,0.2,0,TN
273,Lonicera.periclymenum,Phylloscopus.collybita,0.0,0,0.1,0,TN
274,Myrtus.communis,Phylloscopus.collybita,0.0,0,0.17,0,TN
275,Olea.europaea,Phylloscopus.collybita,0.0,0,0.52,1,FP
276,Osyris.alba,Phylloscopus.collybita,0.0,0,0.07,0,TN
277,Phillyrea.angustifolia,Phylloscopus.collybita,0.0,0,0.21,0,TN
278,Pistacia.lentiscus,Phylloscopus.collybita,1.0,-1,0.57,1,TP
279,Pyrus.bourgaeana,Phylloscopus.collybita,0.0,0,0.12,0,TN
280,Rhamnus.lycioides,Phylloscopus.collybita,0.0,0,0.21,0,TN
281,Rubia.pregrina,Phylloscopus.collybita,0.0,0,0.09,0,TN
282,Rubus.ulmifolius,Phylloscopus.collybita,0.0,0,0.26,0,TN
283,Smilax.aspera,Phylloscopus.collybita,0.0,0,0.12,0,TN
284,Tamus.communis,Phylloscopus.collybita,0.0,0,0.1,0,TN
285,Asparagus.acutifolius,Phylloscopus.trochilus,0.0,0,0.13,0,TN
286,Crataegus.monogyna,Phylloscopus.trochilus,0.0,0,0.17,0,TN
287,Daphne.gnidium,Phylloscopus.trochilus,0.0,0,0.2,0,TN
288,Lonicera.periclymenum,Phylloscopus.trochilus,0.0,0,0.1,0,TN
289,Myrtus.communis,Phylloscopus.trochilus,0.0,0,0.17,0,TN
290,Olea.europaea,Phylloscopus.trochilus,0.0,0,0.52,1,FP
291,Osyris.alba,Phylloscopus.trochilus,0.0,0,0.07,0,TN
292,Phillyrea.angustifolia,Phylloscopus.trochilus,0.0,0,0.21,0,TN
293,Pistacia.lentiscus,Phylloscopus.trochilus,0.0,0,0.57,1,FP
294,Pyrus.bourgaeana,Phylloscopus.trochilus,0.0,0,0.12,0,TN
295,Rhamnus.lycioides,Phylloscopus.trochilus,0.0,0,0.21,0,TN
296,Rubia.pregrina,Phylloscopus.trochilus,0.0,0,0.09,0,TN
297,Rubus.ulmifolius,Phylloscopus.trochilus,0.0,0,0.26,0,TN
298,Smilax.aspera,Phylloscopus.trochilus,0.0,0,0.12,0,TN
299,Tamus.communis,Phylloscopus.trochilus,0.0,0,0.1,0,TN
300,Asparagus.acutifolius,Regulus.ignicapilla,0.0,0,0.13,0,TN
301,Crataegus.monogyna,Regulus.ignicapilla,0.0,0,0.17,0,TN
302,Daphne.gnidium,Regulus.ignicapilla,0.0,0,0.2,0,TN
303,Lonicera.periclymenum,Regulus.ignicapilla,0.0,0,0.1,0,TN
304,Myrtus.communis,Regulus.ignicapilla,0.0,0,0.17,0,TN
305,Olea.europaea,Regulus.ignicapilla,0.0,0,0.52,1,FP
306,Osyris.alba,Regulus.ignicapilla,0.0,0,0.07,0,TN
307,Phillyrea.angustifolia,Regulus.ignicapilla,0.0,0,0.21,0,TN
308,Pistacia.lentiscus,Regulus.ignicapilla,0.0,0,0.57,1,FP
309,Pyrus.bourgaeana,Regulus.ignicapilla,0.0,0,0.12,0,TN
310,Rhamnus.lycioides,Regulus.ignicapilla,0.0,0,0.21,0,TN
311,Rubia.pregrina,Regulus.ignicapilla,0.0,0,0.09,0,TN
312,Rubus.ulmifolius,Regulus.ignicapilla,0.0,0,0.26,0,TN
313,Smilax.aspera,Regulus.ignicapilla,0.0,0,0.12,0,TN
314,Tamus.communis,Regulus.ignicapilla,0.0,0,0.1,0,TN
315,Asparagus.acutifolius,Saxicola.rubetra,0.0,0,0.22,0,TN
316,Crataegus.monogyna,Saxicola.rubetra,0.0,0,0.26,0,TN
317,Daphne.gnidium,Saxicola.rubetra,0.0,0,0.24,0,TN
318,Lonicera.periclymenum,Saxicola.rubetra,0.0,0,0.12,0,TN
319,Myrtus.communis,Saxicola.rubetra,0.0,0,0.27,0,TN
320,Olea.europaea,Saxicola.rubetra,0.0,0,0.7,1,FP
321,Osyris.alba,Saxicola.rubetra,0.0,0,0.05,0,TN
322,Phillyrea.angustifolia,Saxicola.rubetra,1.0,1,0.36,0,-
323,Pistacia.lentiscus,Saxicola.rubetra,1.0,1,0.75,1,-
324,Pyrus.bourgaeana,Saxicola.rubetra,0.0,0,0.18,0,TN
325,Rhamnus.lycioides,Saxicola.rubetra,0.0,0,0.31,0,TN
326,Rubia.pregrina,Saxicola.rubetra,0.0,0,0.06,0,TN
327,Rubus.ulmifolius,Saxicola.rubetra,0.0,0,0.36,0,TN
328,Smilax.aspera,Saxicola.rubetra,0.0,0,0.18,0,TN
329,Tamus.communis,Saxicola.rubetra,0.0,0,0.12,0,TN
330,Asparagus.acutifolius,Saxicola.rubicola,0.0,0,0.05,0,TN
331,Crataegus.monogyna,Saxicola.rubicola,0.0,0,0.06,0,TN
332,Daphne.gnidium,Saxicola.rubicola,0.0,0,0.05,0,TN
333,Lonicera.periclymenum,Saxicola.rubicola,0.0,0,0.09,0,TN
334,Myrtus.communis,Saxicola.rubicola,0.0,0,0.06,0,TN
335,Olea.europaea,Saxicola.rubicola,0.0,0,0.21,0,TN
336,Osyris.alba,Saxicola.rubicola,0.0,0,0.03,0,TN
337,Phillyrea.angustifolia,Saxicola.rubicola,0.0,0,0.05,0,TN
338,Pistacia.lentiscus,Saxicola.rubicola,1.0,1,0.95,1,-
339,Pyrus.bourgaeana,Saxicola.rubicola,0.0,0,0.05,0,TN
340,Rhamnus.lycioides,Saxicola.rubicola,0.0,0,0.06,0,TN
341,Rubia.pregrina,Saxicola.rubicola,0.0,0,0.03,0,TN
342,Rubus.ulmifolius,Saxicola.rubicola,0.0,0,0.06,0,TN
343,Smilax.aspera,Saxicola.rubicola,0.0,0,0.05,0,TN
344,Tamus.communis,Saxicola.rubicola,0.0,0,0.09,0,TN
345,Asparagus.acutifolius,Sturnus.unicolor,0.0,0,0.2,0,TN
346,Crataegus.monogyna,Sturnus.unicolor,0.0,0,0.27,0,TN
347,Daphne.gnidium,Sturnus.unicolor,0.0,0,0.22,0,TN
348,Lonicera.periclymenum,Sturnus.unicolor,0.0,0,0.12,0,TN
349,Myrtus.communis,Sturnus.unicolor,0.0,0,0.27,0,TN
350,Olea.europaea,Sturnus.unicolor,1.0,1,0.74,1,-
351,Osyris.alba,Sturnus.unicolor,0.0,0,0.05,0,TN
352,Phillyrea.angustifolia,Sturnus.unicolor,0.0,0,0.3,0,TN
353,Pistacia.lentiscus,Sturnus.unicolor,1.0,1,0.77,1,-
354,Pyrus.bourgaeana,Sturnus.unicolor,0.0,0,0.16,0,TN
355,Rhamnus.lycioides,Sturnus.unicolor,0.0,0,0.29,0,TN
356,Rubia.pregrina,Sturnus.unicolor,0.0,0,0.05,0,TN
357,Rubus.ulmifolius,Sturnus.unicolor,0.0,0,0.35,0,TN
358,Smilax.aspera,Sturnus.unicolor,0.0,0,0.16,0,TN
359,Tamus.communis,Sturnus.unicolor,0.0,0,0.12,0,TN
360,Asparagus.acutifolius,Sturnus.vulgaris,0.0,0,0.13,0,TN
361,Crataegus.monogyna,Sturnus.vulgaris,0.0,0,0.17,0,TN
362,Daphne.gnidium,Sturnus.vulgaris,0.0,0,0.2,0,TN
363,Lonicera.periclymenum,Sturnus.vulgaris,0.0,0,0.1,0,TN
364,Myrtus.communis,Sturnus.vulgaris,0.0,0,0.17,0,TN
365,Olea.europaea,Sturnus.vulgaris,0.0,0,0.52,1,FP
366,Osyris.alba,Sturnus.vulgaris,0.0,0,0.07,0,TN
367,Phillyrea.angustifolia,Sturnus.vulgaris,0.0,0,0.21,0,TN
368,Pistacia.lentiscus,Sturnus.vulgaris,1.0,-1,0.57,1,TP
369,Pyrus.bourgaeana,Sturnus.vulgaris,0.0,0,0.12,0,TN
370,Rhamnus.lycioides,Sturnus.vulgaris,0.0,0,0.21,0,TN
371,Rubia.pregrina,Sturnus.vulgaris,0.0,0,0.09,0,TN
372,Rubus.ulmifolius,Sturnus.vulgaris,0.0,0,0.26,0,TN
373,Smilax.aspera,Sturnus.vulgaris,0.0,0,0.12,0,TN
374,Tamus.communis,Sturnus.vulgaris,0.0,0,0.1,0,TN
375,Asparagus.acutifolius,Sylvia.atricapilla,1.0,1,0.59,1,-
376,Crataegus.monogyna,Sylvia.atricapilla,1.0,1,0.72,1,-
377,Daphne.gnidium,Sylvia.atricapilla,1.0,-1,0.54,1,TP
378,Lonicera.periclymenum,Sylvia.atricapilla,0.0,0,0.46,0,TN
379,Myrtus.communis,Sylvia.atricapilla,1.0,-1,0.69,1,TP
380,Olea.europaea,Sylvia.atricapilla,1.0,1,0.88,1,-
381,Osyris.alba,Sylvia.atricapilla,0.0,0,0.18,0,TN
382,Phillyrea.angustifolia,Sylvia.atricapilla,0.0,0,0.67,1,FP
383,Pistacia.lentiscus,Sylvia.atricapilla,1.0,1,0.9,1,-
384,Pyrus.bourgaeana,Sylvia.atricapilla,1.0,1,0.59,1,-
385,Rhamnus.lycioides,Sylvia.atricapilla,0.0,0,0.66,1,FP
386,Rubia.pregrina,Sylvia.atricapilla,1.0,1,0.91,1,-
387,Rubus.ulmifolius,Sylvia.atricapilla,0.0,0,0.74,1,FP
388,Smilax.aspera,Sylvia.atricapilla,1.0,1,0.59,1,-
389,Tamus.communis,Sylvia.atricapilla,0.0,0,0.46,0,TN
390,Asparagus.acutifolius,Sylvia.borin,0.0,0,0.4,0,TN
391,Crataegus.monogyna,Sylvia.borin,0.0,0,0.49,0,TN
392,Daphne.gnidium,Sylvia.borin,1.0,1,0.67,1,-
393,Lonicera.periclymenum,Sylvia.borin,0.0,0,0.34,0,TN
394,Myrtus.communis,Sylvia.borin,0.0,0,0.48,0,TN
395,Olea.europaea,Sylvia.borin,0.0,0,0.77,1,FP
396,Osyris.alba,Sylvia.borin,0.0,0,0.11,0,TN
397,Phillyrea.angustifolia,Sylvia.borin,1.0,-1,0.5,1,TP
398,Pistacia.lentiscus,Sylvia.borin,1.0,1,0.85,1,-
399,Pyrus.bourgaeana,Sylvia.borin,0.0,0,0.39,0,TN
400,Rhamnus.lycioides,Sylvia.borin,0.0,0,0.5,1,FP
401,Rubia.pregrina,Sylvia.borin,0.0,0,0.11,0,TN
402,Rubus.ulmifolius,Sylvia.borin,1.0,1,0.56,1,-
403,Smilax.aspera,Sylvia.borin,0.0,0,0.39,0,TN
404,Tamus.communis,Sylvia.borin,0.0,0,0.34,0,TN
405,Asparagus.acutifolius,Sylvia.cantillans,0.0,0,0.19,0,TN
406,Crataegus.monogyna,Sylvia.cantillans,0.0,0,0.26,0,TN
407,Daphne.gnidium,Sylvia.cantillans,0.0,0,0.25,0,TN
408,Lonicera.periclymenum,Sylvia.cantillans,0.0,0,0.1,0,TN
409,Myrtus.communis,Sylvia.cantillans,0.0,0,0.25,0,TN
410,Olea.europaea,Sylvia.cantillans,0.0,0,0.65,1,FP
411,Osyris.alba,Sylvia.cantillans,0.0,0,0.04,0,TN
412,Phillyrea.angustifolia,Sylvia.cantillans,0.0,0,0.31,0,TN
413,Pistacia.lentiscus,Sylvia.cantillans,1.0,-1,0.68,1,TP
414,Pyrus.bourgaeana,Sylvia.cantillans,0.0,0,0.16,0,TN
415,Rhamnus.lycioides,Sylvia.cantillans,1.0,1,0.37,0,-
416,Rubia.pregrina,Sylvia.cantillans,0.0,0,0.04,0,TN
417,Rubus.ulmifolius,Sylvia.cantillans,1.0,1,0.41,0,-
418,Smilax.aspera,Sylvia.cantillans,0.0,0,0.16,0,TN
419,Tamus.communis,Sylvia.cantillans,0.0,0,0.1,0,TN
420,Asparagus.acutifolius,Sylvia.communis,0.0,0,0.38,0,TN
421,Crataegus.monogyna,Sylvia.communis,0.0,0,0.45,0,TN
422,Daphne.gnidium,Sylvia.communis,0.0,0,0.38,0,TN
423,Lonicera.periclymenum,Sylvia.communis,0.0,0,0.26,0,TN
424,Myrtus.communis,Sylvia.communis,0.0,0,0.44,0,TN
425,Olea.europaea,Sylvia.communis,0.0,0,0.72,1,FP
426,Osyris.alba,Sylvia.communis,0.0,0,0.08,0,TN
427,Phillyrea.angustifolia,Sylvia.communis,1.0,1,0.48,0,-
428,Pistacia.lentiscus,Sylvia.communis,1.0,-1,0.78,1,TP
429,Pyrus.bourgaeana,Sylvia.communis,0.0,0,0.34,0,TN
430,Rhamnus.lycioides,Sylvia.communis,1.0,1,0.5,1,-
431,Rubia.pregrina,Sylvia.communis,0.0,0,0.09,0,TN
432,Rubus.ulmifolius,Sylvia.communis,1.0,1,0.52,1,-
433,Smilax.aspera,Sylvia.communis,0.0,0,0.34,0,TN
434,Tamus.communis,Sylvia.communis,0.0,0,0.26,0,TN
435,Asparagus.acutifolius,Sylvia.conspicillata,0.0,0,0.13,0,TN
436,Crataegus.monogyna,Sylvia.conspicillata,0.0,0,0.17,0,TN
437,Daphne.gnidium,Sylvia.conspicillata,0.0,0,0.2,0,TN
438,Lonicera.periclymenum,Sylvia.conspicillata,0.0,0,0.1,0,TN
439,Myrtus.communis,Sylvia.conspicillata,0.0,0,0.17,0,TN
440,Olea.europaea,Sylvia.conspicillata,0.0,0,0.52,1,FP
441,Osyris.alba,Sylvia.conspicillata,0.0,0,0.07,0,TN
442,Phillyrea.angustifolia,Sylvia.conspicillata,0.0,0,0.21,0,TN
443,Pistacia.lentiscus,Sylvia.conspicillata,0.0,0,0.57,1,FP
444,Pyrus.bourgaeana,Sylvia.conspicillata,0.0,0,0.12,0,TN
445,Rhamnus.lycioides,Sylvia.conspicillata,0.0,0,0.21,0,TN
446,Rubia.pregrina,Sylvia.conspicillata,0.0,0,0.09,0,TN
447,Rubus.ulmifolius,Sylvia.conspicillata,0.0,0,0.26,0,TN
448,Smilax.aspera,Sylvia.conspicillata,0.0,0,0.12,0,TN
449,Tamus.communis,Sylvia.conspicillata,0.0,0,0.1,0,TN
450,Asparagus.acutifolius,Sylvia.hortensis,0.0,0,0.13,0,TN
451,Crataegus.monogyna,Sylvia.hortensis,0.0,0,0.17,0,TN
452,Daphne.gnidium,Sylvia.hortensis,0.0,0,0.2,0,TN
453,Lonicera.periclymenum,Sylvia.hortensis,0.0,0,0.1,0,TN
454,Myrtus.communis,Sylvia.hortensis,0.0,0,0.17,0,TN
455,Olea.europaea,Sylvia.hortensis,0.0,0,0.52,1,FP
456,Osyris.alba,Sylvia.hortensis,0.0,0,0.07,0,TN
457,Phillyrea.angustifolia,Sylvia.hortensis,0.0,0,0.21,0,TN
458,Pistacia.lentiscus,Sylvia.hortensis,0.0,0,0.57,1,FP
459,Pyrus.bourgaeana,Sylvia.hortensis,0.0,0,0.12,0,TN
460,Rhamnus.lycioides,Sylvia.hortensis,0.0,0,0.21,0,TN
461,Rubia.pregrina,Sylvia.hortensis,0.0,0,0.09,0,TN
462,Rubus.ulmifolius,Sylvia.hortensis,0.0,0,0.26,0,TN
463,Smilax.aspera,Sylvia.hortensis,0.0,0,0.12,0,TN
464,Tamus.communis,Sylvia.hortensis,0.0,0,0.1,0,TN
465,Asparagus.acutifolius,Sylvia.melanocephala,1.0,1,0.46,0,-
466,Crataegus.monogyna,Sylvia.melanocephala,0.0,0,0.45,0,TN
467,Daphne.gnidium,Sylvia.melanocephala,1.0,-1,0.37,0,FN
468,Lonicera.periclymenum,Sylvia.melanocephala,0.0,0,0.27,0,TN
469,Myrtus.communis,Sylvia.melanocephala,0.0,0,0.44,0,TN
470,Olea.europaea,Sylvia.melanocephala,1.0,1,0.76,1,-
471,Osyris.alba,Sylvia.melanocephala,0.0,0,0.1,0,TN
472,Phillyrea.angustifolia,Sylvia.melanocephala,1.0,-1,0.46,0,FN
473,Pistacia.lentiscus,Sylvia.melanocephala,1.0,-1,0.82,1,TP
474,Pyrus.bourgaeana,Sylvia.melanocephala,0.0,0,0.34,0,TN
475,Rhamnus.lycioides,Sylvia.melanocephala,1.0,-1,0.46,0,FN
476,Rubia.pregrina,Sylvia.melanocephala,1.0,-1,0.1,0,FN
477,Rubus.ulmifolius,Sylvia.melanocephala,1.0,1,0.54,1,-
478,Smilax.aspera,Sylvia.melanocephala,0.0,0,0.34,0,TN
479,Tamus.communis,Sylvia.melanocephala,0.0,0,0.27,0,TN
480,Asparagus.acutifolius,Sylvia.undata,0.0,0,0.13,0,TN
481,Crataegus.monogyna,Sylvia.undata,0.0,0,0.17,0,TN
482,Daphne.gnidium,Sylvia.undata,0.0,0,0.2,0,TN
483,Lonicera.periclymenum,Sylvia.undata,0.0,0,0.1,0,TN
484,Myrtus.communis,Sylvia.undata,0.0,0,0.17,0,TN
485,Olea.europaea,Sylvia.undata,0.0,0,0.52,1,FP
486,Osyris.alba,Sylvia.undata,0.0,0,0.07,0,TN
487,Phillyrea.angustifolia,Sylvia.undata,0.0,0,0.21,0,TN
488,Pistacia.lentiscus,Sylvia.undata,0.0,0,0.57,1,FP
489,Pyrus.bourgaeana,Sylvia.undata,0.0,0,0.12,0,TN
490,Rhamnus.lycioides,Sylvia.undata,0.0,0,0.21,0,TN
491,Rubia.pregrina,Sylvia.undata,0.0,0,0.09,0,TN
492,Rubus.ulmifolius,Sylvia.undata,0.0,0,0.26,0,TN
493,Smilax.aspera,Sylvia.undata,0.0,0,0.12,0,TN
494,Tamus.communis,Sylvia.undata,0.0,0,0.1,0,TN
495,Asparagus.acutifolius,Turdus.iliacus,0.0,0,0.05,0,TN
496,Crataegus.monogyna,Turdus.iliacus,0.0,0,0.05,0,TN
497,Daphne.gnidium,Turdus.iliacus,0.0,0,0.04,0,TN
498,Lonicera.periclymenum,Turdus.iliacus,0.0,0,0.09,0,TN
499,Myrtus.communis,Turdus.iliacus,0.0,0,0.05,0,TN
500,Olea.europaea,Turdus.iliacus,1.0,1,0.97,1,-
501,Osyris.alba,Turdus.iliacus,0.0,0,0.02,0,TN
502,Phillyrea.angustifolia,Turdus.iliacus,0.0,0,0.05,0,TN
503,Pistacia.lentiscus,Turdus.iliacus,1.0,-1,0.18,0,FN
504,Pyrus.bourgaeana,Turdus.iliacus,0.0,0,0.05,0,TN
505,Rhamnus.lycioides,Turdus.iliacus,0.0,0,0.05,0,TN
506,Rubia.pregrina,Turdus.iliacus,0.0,0,0.02,0,TN
507,Rubus.ulmifolius,Turdus.iliacus,0.0,0,0.05,0,TN
508,Smilax.aspera,Turdus.iliacus,0.0,0,0.05,0,TN
509,Tamus.communis,Turdus.iliacus,0.0,0,0.09,0,TN
510,Asparagus.acutifolius,Turdus.merula,0.0,0,0.57,1,FP
511,Crataegus.monogyna,Turdus.merula,1.0,1,0.72,1,-
512,Daphne.gnidium,Turdus.merula,0.0,0,0.55,1,FP
513,Lonicera.periclymenum,Turdus.merula,1.0,-1,0.45,0,FN
514,Myrtus.communis,Turdus.merula,1.0,1,0.69,1,-
515,Olea.europaea,Turdus.merula,1.0,-1,0.88,1,TP
516,Osyris.alba,Turdus.merula,1.0,1,0.91,1,-
517,Phillyrea.angustifolia,Turdus.merula,1.0,1,0.67,1,-
518,Pistacia.lentiscus,Turdus.merula,1.0,1,0.9,1,-
519,Pyrus.bourgaeana,Turdus.merula,1.0,1,0.6,1,-
520,Rhamnus.lycioides,Turdus.merula,1.0,-1,0.66,1,TP
521,Rubia.pregrina,Turdus.merula,0.0,0,0.18,0,TN
522,Rubus.ulmifolius,Turdus.merula,1.0,-1,0.74,1,TP
523,Smilax.aspera,Turdus.merula,1.0,1,0.6,1,-
524,Tamus.communis,Turdus.merula,0.0,0,0.45,0,TN
525,Asparagus.acutifolius,Turdus.philomelos,0.0,0,0.31,0,TN
526,Crataegus.monogyna,Turdus.philomelos,1.0,-1,0.4,0,FN
527,Daphne.gnidium,Turdus.philomelos,0.0,0,0.3,0,TN
528,Lonicera.periclymenum,Turdus.philomelos,0.0,0,0.21,0,TN
529,Myrtus.communis,Turdus.philomelos,1.0,1,0.41,0,-
530,Olea.europaea,Turdus.philomelos,1.0,1,0.79,1,-
531,Osyris.alba,Turdus.philomelos,0.0,0,0.08,0,TN
532,Phillyrea.angustifolia,Turdus.philomelos,0.0,0,0.39,0,TN
533,Pistacia.lentiscus,Turdus.philomelos,1.0,1,0.85,1,-
534,Pyrus.bourgaeana,Turdus.philomelos,0.0,0,0.29,0,TN
535,Rhamnus.lycioides,Turdus.philomelos,0.0,0,0.39,0,TN
536,Rubia.pregrina,Turdus.philomelos,0.0,0,0.08,0,TN
537,Rubus.ulmifolius,Turdus.philomelos,0.0,0,0.48,0,TN
538,Smilax.aspera,Turdus.philomelos,0.0,0,0.29,0,TN
539,Tamus.communis,Turdus.philomelos,0.0,0,0.21,0,TN
540,Asparagus.acutifolius,Turdus.viscivorus,0.0,0,0.13,0,TN
541,Crataegus.monogyna,Turdus.viscivorus,0.0,0,0.17,0,TN
542,Daphne.gnidium,Turdus.viscivorus,0.0,0,0.2,0,TN
543,Lonicera.periclymenum,Turdus.viscivorus,0.0,0,0.1,0,TN
544,Myrtus.communis,Turdus.viscivorus,0.0,0,0.17,0,TN
545,Olea.europaea,Turdus.viscivorus,1.0,-1,0.52,1,TP
546,Osyris.alba,Turdus.viscivorus,0.0,0,0.07,0,TN
547,Phillyrea.angustifolia,Turdus.viscivorus,0.0,0,0.21,0,TN
548,Pistacia.lentiscus,Turdus.viscivorus,0.0,0,0.57,1,FP
549,Pyrus.bourgaeana,Turdus.viscivorus,0.0,0,0.12,0,TN
550,Rhamnus.lycioides,Turdus.viscivorus,0.0,0,0.21,0,TN
551,Rubia.pregrina,Turdus.viscivorus,0.0,0,0.09,0,TN
552,Rubus.ulmifolius,Turdus.viscivorus,0.0,0,0.26,0,TN
553,Smilax.aspera,Turdus.viscivorus,0.0,0,0.12,0,TN
554,Tamus.communis,Turdus.viscivorus,0.0,0,0.1,0,TN
